enrl_tot,teachers,calw_pct,meal_pct,computer,testscr,comp_stu,expn_stu,str,avginc,el_pct,read_scr,math_scr
195,10.8999996185,0.510200023651,2.0408000946,67,690.799987793,0.343589752913,6384.9111328125,17.8899097443,22.6900005341,0,691.5999755859,690
240,11.1499996185,15.4167003632,47.9166984558,101,661.200012207,0.420833319426,5099.380859375,21.5246639252,9.8240003586,4.58333349228,660.5,661.9000244141
1550,82.9000015259,55.0322990417,76.3226013184,169,643.5999755859,0.109032258391,5501.9545898438,18.6972255707,8.9779996872,30.0000019073,636.299987793,650.9000244141
243,14,36.4753990173,77.0492019653,85,647.700012207,0.349794238806,7101.8310546875,17.3571434021,8.9779996872,0,651.9000244141,643.5
1335,71.5,33.1086006165,78.4270019531,171,640.8499755859,0.128089889884,5235.9877929688,18.6713294983,9.080332756,13.8576774597,641.799987793,639.9000244141
137,6.4000000954,12.3187999725,86.9564971924,25,605.5500488281,0.182481750846,5580.1469726562,21.40625,10.4149999619,12.4087591171,605.700012207,605.4000244141
195,10,12.9032001495,94.6237030029,28,606.75,0.143589749932,5253.3310546875,19.5,6.5770001411,68.7179489136,604.5,609
888,42.5,18.8062992096,100,66,609,0.0743243247271,4565.74609375,20.8941173553,8.1739997864,46.9594612122,605.5,612.5
379,19,32.1899986267,93.1398010254,35,612.5,0.0923482850194,5355.5483398438,19.9473686218,7.3850002289,30.0791568756,608.9000244141,616.0999755859
2247,108,78.9942016602,87.3163986206,0,612.6500244141,0,5036.2114257812,20.8055553436,11.6133327484,40.2759208679,611.9000244141,613.4000244141
446,21,18.6098995209,85.8743972778,86,615.75,0.192825108767,4547.6923828125,21.2380943298,8.9309997559,52.9147987366,612.799987793,618.700012207
987,47,71.7130966187,98.6055984497,56,616.299987793,0.0567375868559,5447.3452148438,21,7.3850002289,54.6099319458,616.5999755859,616
103,5,22.4298992157,98.1307983398,25,616.299987793,0.242718443274,6567.1494140625,20.6000003815,5.3350000381,42.7184448242,612.799987793,619.799987793
487,24.3400001526,24.6093997955,77.148399353,0,616.299987793,0,4818.6127929688,20.0082168579,8.2790002823,20.5338802338,610,622.5999755859
649,36,14.6379003525,76.2712020874,31,616.450012207,0.0477657951415,5621.4560546875,18.0277786255,9.6300001144,80.123260498,611.9000244141,621
852,42.0699996948,24.2141990662,94.2957000732,80,617.3499755859,0.0938967168331,6026.3598632812,20.2519607544,7.4539999962,49.413143158,614.799987793,619.9000244141
491,28.9200000763,11.2016000748,97.7596969604,100,618.0500488281,0.203665986657,6723.2377929688,16.9778690338,6.2160000801,85.5397186279,611.700012207,624.4000244141
421,25.5,8.55109977722,77.9096984863,50,618.3000488281,0.118764847517,5589.8852539062,16.509803772,7.763999939,58.9073638916,614.9000244141,621.700012207
6880,303.0299987793,21.2824001312,94.9711990356,960,619.799987793,0.139534890652,5064.6157226562,22.7040233612,7.021999836,77.0058135986,619.0999755859,620.5
2688,135,23.4375,93.2292022705,139,620.299987793,0.0517113097012,5433.5932617188,19.9111118317,5.6989998817,49.8139877319,621.299987793,619.299987793
440,24,34.7727012634,100,69,620.5,0.156818181276,5725.5634765625,18.3333339691,7.9409999847,40.6818199158,615.5999755859,625.4000244141
475,21,21.6494998932,91.5464019775,53,621.4000244141,0.111578948796,4542.1049804688,22.6190471649,9.6300001144,16.2105255127,619.9000244141,622.9000244141
2538,130.5,18.9111003876,70.8167037964,169,621.75,0.0665878653526,5107.0864257812,19.4482765198,7.4050002098,45.0748634338,622.9000244141,620.5999755859
476,19,43.8558998108,100,0,622.0500488281,0,4659.6616210938,25.0526313782,9.6300001144,39.075630188,620.700012207,623.4000244141
2357,114,16.8010005951,90.6237030029,216,622.5999755859,0.0916419178247,4555.4643554688,20.6754379272,8.0190000534,76.6652526855,619.5,625.700012207
1588,85,22.4071998596,85.1472015381,198,623.0999755859,0.124685138464,5415.1528320312,18.682352066,8.5229997635,40.4911842346,625,621.200012207
7306,319.799987793,17.001499176,88.0348968506,742,623.200012207,0.101560361683,4997.8715820312,22.8455295563,7.9831814766,73.7202301025,620.4000244141,626
2601,135,15.071100235,92.1952972412,269,623.450012207,0.103421762586,5223.912109375,19.2666664124,7.3049998283,70.0115356445,616.5,630.4000244141
847,44,16.2928009033,90.2006988525,67,623.5999755859,0.07910271734,5139.1645507812,19.25,8.9340000153,55.9622154236,620.0999755859,627.0999755859
452,22,14.4989004135,81.0234985352,55,624.1500244141,0.121681414545,4614.251953125,20.5454540253,8.5539999008,11.0619468689,627.9000244141,620.4000244141
4142,201,35.5625,81.5065002441,569,624.5500488281,0.137373253703,5342.2333984375,20.6069660187,6.6129999161,80.4200897217,620.4000244141,628.700012207
2102,99.75,15.319899559,90.2848968506,224,624.950012207,0.106565177441,5347.4584960938,21.072681427,12.4090003967,63.130355835,623,626.9000244141
10012,464.8999938965,29.7639007568,91.5933990479,721,625.299987793,0.0720135867596,5036.458984375,21.5358142853,8.1266155243,65.1218566895,620.799987793,629.799987793
2488,125,12.6920003891,55.0929985046,202,625.8499755859,0.0811897069216,5117.1416015625,19.9039993286,11.4309997559,53.4164009094,626.0999755859,625.5999755859
25151,1186.6999511719,17.4426002502,80.195602417,1713,626.0999755859,0.06810862571,5117.0395507812,21.1940689087,11.7222251892,49.8230705261,625.4000244141,626.799987793
2267,103.6800003052,19.1516990662,84.4337997437,177,626.8000488281,0.0780767500401,5272.1918945312,21.865354538,11.3325004578,35.4653701782,625.4000244141,628.200012207
1657,90.4000015259,28.8472995758,84.7313995361,204,626.9000244141,0.123114064336,5225.7192382812,18.3296451569,9.5979995728,56.1255264282,623.5999755859,630.200012207
284,17.5,14.5270004272,94.9324035645,18,627.0999755859,0.0633802786469,6516.533203125,16.2285709381,14.5579996109,32.394367218,628.9000244141,625.299987793
5370,280,19.5716991425,81.1173019409,562,627.25,0.104655496776,4559.1767578125,19.178571701,22.0599994659,65.5121002197,624.4000244141,630.0999755859
2471,121.8600006104,23.795999527,87.7781982422,275,627.299987793,0.111290976405,5119.158203125,20.2773666382,9.7089996338,53.0554428101,627.5,627.0999755859
15386,669.3599853516,12.5064001083,71.4330978394,1762,628.25,0.114519692957,5338.185546875,22.9861373901,11.4829444885,49.6425323486,627.799987793,628.700012207
184,9,22.2826004028,85.8695983887,40,628.4000244141,0.217391297221,5090.044921875,20.4444446564,8.1780004501,45.1086959839,621.5999755859,635.200012207
1217,61.4000015259,33.908000946,88.095199585,78,628.5500488281,0.0640920326114,5485.49609375,19.8208465576,8.1739997864,30.3204593658,629.4000244141,627.700012207
6219,268,21.4986000061,100,571,628.6500244141,0.0918154045939,4793.3701171875,23.2052230835,7.5,52.2431259155,621.0999755859,636.200012207
4258,221,24.6595001221,92.7431030273,324,628.75,0.0760920643806,5092.9174804688,19.2669677734,10.0504999161,36.8013153076,626.5,631
1235,53,8.21829986572,62.1301994324,175,629.8000488281,0.141700401902,4359.5209960938,23.3018875122,7.3319997787,30.2833995819,630.200012207,629.4000244141
16244,766.6500244141,17.4531002045,69.7398986816,1423,630.3499755859,0.0876015722752,5645.4956054688,21.1882858276,12.581577301,49.864566803,629.5,631.200012207
814,39,19.7789001465,67.4447021484,85,630.4000244141,0.104422606528,4518.0161132812,20.8717956543,15.1770000458,13.7592134476,631.9000244141,628.9000244141
27176,1429,39.2183990479,84.2949981689,3324,630.549987793,0.122313804924,5864.3662109375,19.0174942017,12.1091279984,28.8637046814,631.5999755859,629.5
10696,487.9700012207,22.1578006744,70.8956985474,1306,630.549987793,0.122101716697,5257.9965820312,21.919380188,11.7849998474,52.8047866821,628.5,632.5999755859
8935,444.5,36.945098877,79.5120010376,786,631.0500488281,0.0879686623812,5016.6923828125,20.1012382507,14.0620002747,44.0850601196,628.4000244141,633.700012207
1600,74.5,27.2614002228,79.7255020142,242,631.4000244141,0.151250004768,4720.0864257812,21.4765110016,10.4720001221,35.25,635.700012207,627.0999755859
9028,449.9200134277,13.9884996414,69.9424972534,669,631.8499755859,0.0741027891636,5470.5625,20.065788269,13.4051170349,37.4944610596,633,630.700012207
10625,521.4699707031,7.49749994278,77.5255966187,896,631.9000244141,0.0843294113874,5615.4418945312,20.3750953674,12.3017997742,50.3905906677,629.5999755859,634.200012207
7151,318.5799865723,18.5480995178,61.7382011414,560,631.950012207,0.0783107280731,5245.4399414062,22.4464817047,15.4040708542,31.0725784302,634.200012207,629.700012207
2404,105,20.927400589,52.9435005188,202,632,0.084026619792,4838.1752929688,22.8952388763,13.7620000839,18.2612323761,633.5,630.5
5804,283.1499938965,28.3425006866,81.1165008545,480,632.200012207,0.0827015861869,5367.98828125,20.4979705811,14.1840000153,34.7002067566,631.4000244141,633
2253,112.6500015259,43.4976005554,84.5539016724,196,632.25,0.0869951173663,5526.2368164062,20,8.8649997711,33.2889480591,637.5,627
2807,126.1200027466,15.4595003128,52.3964004517,152,632.4499511719,0.054150339216,4353.01953125,22.2565803528,12.9969997406,33.4877090454,637.299987793,627.5999755859
3074,142.5500030518,11.2897996902,66.1949005127,249,632.8499755859,0.0810019522905,5034.2900390625,21.5643634796,11.5920000076,38.1587524414,633.200012207,632.5
723,37.1199989319,25.9211006165,83.1578979492,45,632.950012207,0.0622406639159,4692.4936523438,19.4773712158,8.2790002823,36.9294624329,629.200012207,636.700012207
5138,290.7749938965,58.7522010803,84.9990005493,560,633.049987793,0.10899182409,5606.7817382812,17.6700210571,10.9056425095,32.989490509,630.299987793,635.799987793
20927,953.5,10.9113998413,82.3926010132,1048,633.1500244141,0.0500788465142,4969.1806640625,21.947561264,13.4006252289,58.2166557312,629.5999755859,636.700012207
3017,138.5,14.9767999649,56.0635986328,496,633.6500244141,0.164401724935,4675.6748046875,21.7833938599,11.0810003281,17.0036468506,634.4000244141,632.9000244141
957,50,27.1681995392,82.1316986084,149,633.9000244141,0.155694887042,5306.1328125,19.1399993896,9.0819997787,17.6593532562,634.700012207,633.0999755859
1639,90.5,46.8881988525,80.6042022705,287,634,0.175106778741,5693.8833007812,18.110496521,13.3900003433,7.32153749466,638.4000244141,629.5999755859
4340,209.8399963379,17.7026004791,93.9226989746,284,634.0500488281,0.0654377862811,5181.5795898438,20.6824245453,14.6016254425,31.1981563568,631.9000244141,636.200012207
5079,224.5,25.559299469,63.8036003113,585,634.0999755859,0.115180157125,5228.6508789062,22.6236076355,11.1160001755,16.6174449921,637.700012207,630.5
6639,304.7300109863,26.8414001465,100,505,634.0999755859,0.0760656744242,5339.3911132812,21.7864990234,8.4230003357,58.081035614,631.5,636.700012207
1154,62.0999984741,22.9277000427,84.9206008911,129,634.1500244141,0.11178509891,6056.4970703125,18.5829315186,11.6649999619,55.8925437927,636.799987793,631.5
237,11,19.831199646,76.7931976318,13,634.1999511719,0.054852321744,4845.6801757812,21.5454540253,7.3049998283,5.48523235321,631.799987793,636.5999755859
2987,141.2100067139,21.2588005066,68.3964004517,273,634.4000244141,0.091396048665,4826.666015625,21.1528911591,13.7305994034,14.4291934967,637.700012207,631.0999755859
499,30,40.3670005798,83.1193008423,94,634.549987793,0.188376754522,5367.0903320312,16.6333332062,11.1160001755,22.8456916809,635.5,633.5999755859
11474,542.6500244141,40.5526008606,77.0089035034,1248,634.700012207,0.108767651021,5742.7329101562,21.1443824768,10.3644285202,38.7833366394,633.200012207,636.200012207
1088,55,14.1543998718,86.0294036865,107,634.9000244141,0.0983455851674,4136.2509765625,19.7818183899,6.9829998016,64.2463226318,631.0999755859,638.700012207
2660,140.1199951172,15.7601003647,74.8509979248,259,634.9499511719,0.0973684191704,5267.8310546875,18.9837284088,14.4678001404,25.2255649567,637.799987793,632.0999755859
353,19.9799995422,8.67210006714,33.0623016357,8,635.049987793,0.0226628892124,5238.3920898438,17.6676673889,14.6529998779,5.38243627548,636.5999755859,633.5
329,18.5300006866,28.9157009125,85.5421981812,37,635.1999511719,0.112462006509,5462.8994140625,17.7549915314,10.6289997101,6.07902765274,644.299987793,626.0999755859
252,16.5,23.4568004608,66.2550964355,32,635.450012207,0.126984134316,6313.3735351562,15.2727270126,9.7810001373,0,640.9000244141,630
175,12.5,21.7646999359,68.8235015869,31,635.5999755859,0.177142858505,6653.0307617188,14,10.6560001373,0,634.5999755859,636.5999755859
3835,186.1999969482,13.9911003113,72.8628005981,897,635.5999755859,0.233898311853,5533.1494140625,20.5961341858,11.9379997253,34.8891792297,633,638.200012207
314,19.25,29.9363002777,93.6305999756,8,635.75,0.025477707386,6118.7104492188,16.3116874695,7.3850002289,13.0573244095,636.700012207,634.799987793
4458,211,22.2222003937,72.3208007812,445,635.950012207,0.0998205468059,5098.626953125,21.1279621124,10.6759996414,36.0251235962,633.200012207,638.700012207
1313,75.0800018311,32.0867996216,73.5976028442,112,636.0999755859,0.0853008404374,5652.87890625,17.4880123138,9.9720001221,34.653465271,633.9000244141,638.299987793
474,26.5,21.5189990997,75.7384033203,36,636.5,0.0759493634105,5329.0024414062,17.8867931366,8.2580003738,28.6919822693,634.700012207,638.299987793
1114,57.7000007629,29.4468002319,62.2127990723,277,636.5999755859,0.248653501272,5929.8090820312,19.3067588806,8.8959999084,1.79533219337,645.4000244141,627.799987793
1358,65,14.7903003693,80.8683013916,178,636.6999511719,0.131075114012,4897.0678710938,20.8923072815,12.0620002747,30.6332855225,632.299987793,641.0999755859
11629,546.299987793,25.3794002533,83.8737030029,1015,636.9000244141,0.0872817933559,5100.2021484375,21.2868385315,9.4288949966,59.033454895,632.4000244141,641.4000244141
6195,306.75,21.0433006287,68.5718994141,1261,636.950012207,0.203551247716,4825.72265625,20.1955986023,8.9203329086,13.5593223572,636.200012207,637.700012207
499,20,23.6993999481,80.9248962402,35,637,0.0701402798295,4079.1291503906,24.9500007629,10.0979995728,5.01001977921,636.0999755859,637.9000244141
417,23,19.9041004181,46.0432014465,27,637.0999755859,0.064748197794,5349.3676757812,18.1304340363,11.8299999237,0.959232628345,638,636.200012207
300,15,48.3443984985,72.1854019165,55,637.3499755859,0.183333337307,5869.3891601562,20,11.5530004501,0.666666686535,640.9000244141,633.799987793
457,24.3999996185,16.8160991669,67.7129974365,50,637.6500244141,0.109409190714,6462.1279296875,18.7295093536,19.7070007324,38.5120353699,644.9000244141,630.4000244141
146,8,25.3425006866,54.1096000671,34,637.9499511719,0.232876718044,6231.6015625,18.25,7.1050000191,0,646.0999755859,629.799987793
460,24.2199993134,10.5931997299,66.9492034912,71,637.950012207,0.15434782207,4993.8676757812,18.9925689697,13.7250003815,17.1739139557,633.200012207,642.700012207
354,17.7999992371,10.2777996063,59.7221984863,28,638,0.0790960416198,4663.8110351562,19.8876419067,10.0979995728,9.88700580597,636.700012207,639.299987793
1841,95,25.2579994202,64.7473983765,315,638.200012207,0.171102657914,6107.1064453125,19.3789482117,13.7620000839,19.3916358948,640.4000244141,636
3760,183.75,26.901599884,65.7960968018,717,638.3000488281,0.190691486001,5324.2280273438,20.4625854492,9.6649999619,36.4893608093,636.200012207,640.4000244141
500,22.4300003052,18.7999992371,83,70,638.3000488281,0.140000000596,5221.4609375,22.2915725708,10.263999939,39.3999977112,630.4000244141,646.200012207
5112,246.8999938965,10.6912002563,59.7234992981,383,638.3499755859,0.0749217495322,5157.7846679688,20.7047386169,11.5692005157,28.6776218414,638.5999755859,638.0999755859
146,7.6599998474,13.6985998154,66.4384002686,28,638.549987793,0.191780820489,5131.119140625,19.0600528717,7.4050002098,13.6986303329,637.5,639.5999755859
2141,105.8199996948,26.4965000153,65.3827972412,134,638.700012207,0.0625875741243,5279.3540039062,20.2324695587,12.0769996643,11.3498363495,636.9000244141,640.5
610,30.9799995422,8.52460002899,56.0656013489,144,639.25,0.23606556654,4704.0439453125,19.6901226044,11.2829999924,3.44262313843,640.299987793,638.200012207
337,16.5499992371,21.2625007629,60.132900238,26,639.3000488281,0.0771513357759,6089.9106445312,20.3625392914,10.0349998474,15.430267334,642.700012207,635.9000244141
4501,227.8500061035,19.129699707,63.9054985046,597,639.3499755859,0.132637187839,5356.8334960938,19.7542228699,8.3839998245,17.973783493,639.9000244141,638.799987793
5718,295.049987793,6.84070014954,37.0456008911,313,639.5,0.0547394193709,5144.5493164062,19.3797664642,13.6300001144,22.7177333832,641.4000244141,637.5999755859
19402,846.3800048828,20.5237007141,51.242099762,1182,639.75,0.0609215535223,4906.2299804688,22.9235095978,14.1276674271,18.4362449646,641.700012207,637.799987793
3401,175.5500030518,52.2198982239,74.2723007202,560,639.799987793,0.164657458663,5489.5888671875,19.3733978271,11.2661247253,16.1717147827,641.5,638.0999755859
2621,136.8300018311,25.8297996521,64.0977020264,397,639.8499755859,0.151468902826,5718.5512695312,19.1551551819,13.3900003433,2.02212882042,641.4000244141,638.299987793
426,20,3.9906001091,64.7886962891,87,639.9000244141,0.204225346446,4436.1528320312,21.2999992371,11.9379997253,9.6244134903,634.299987793,645.5
205,11.1999998093,18.5366001129,80.9756011963,24,640.0999755859,0.117073170841,4895.439453125,18.303571701,8.2580003738,41.4634132385,643.5,636.700012207
13668,648.4099731445,28.1753005981,56.2994003296,1321,640.1500244141,0.0966491103172,5159.21875,21.0792560577,14.2267274857,9.89903450012,640.4000244141,639.9000244141
342,18.2000007629,11.3959999084,68.0912017822,98,640.5,0.286549717188,5490.6547851562,18.7912082672,10.4720001221,16.0818710327,637.700012207,643.299987793
6518,332.1000061035,12.2791004181,71.0238037109,499,640.75,0.0765572264791,5172.01953125,19.6266174316,14.2429008484,43.4949378967,638.5,643
239,12.1999998093,15.6118001938,69.620300293,30,640.9000244141,0.125523015857,4441.6728515625,19.5901641846,14.0659999847,8.78661060333,644.9000244141,636.9000244141
2911,139.4700012207,11.9285001755,52.9734992981,281,641.0999755859,0.0965304002166,5220.3701171875,20.8718719482,15.968000412,39.0243873596,640.4000244141,641.799987793
6272,297.0400085449,28.7199993134,71.7623977661,1338,641.4499511719,0.213329076767,5252.810546875,21.1150016785,10.263999939,53.8903045654,639.299987793,643.5999755859
10218,508.75,17.4202003479,70.8063964844,1435,641.4499511719,0.140438437462,5518.7021484375,20.08452034,10.6024703979,41.1332931519,638.5999755859,644.299987793
1735,87.1399993896,47.2621994019,75.5043029785,222,641.549987793,0.127953886986,5609.4877929688,19.9104881287,10.5229997635,1.38328528404,640.799987793,642.299987793
474,26.6100006104,20.6751003265,82.0674972534,96,641.8000488281,0.202531650662,4945.0317382812,17.8128509521,11.2379999161,35.4430389404,638.9000244141,644.700012207
544,30,20.5505008698,74.8623962402,145,642.1999511719,0.266544103622,5223.025390625,18.1333332062,10.0559997559,8.63970565796,641.799987793,642.5999755859
1987,103.3700027466,15.2812004089,54.6540985107,283,642.200012207,0.142425760627,4757.025390625,19.2222118378,11.1829996109,15.3497743607,637,647.4000244141
418,22.3999996185,10.6964998245,63.432800293,50,642.4000244141,0.11961722374,5522.1616210938,18.6607151031,7.3850002289,19.8564586639,640.200012207,644.5999755859
196,10,19.6891002655,47.1502990723,40,642.75,0.204081639647,6087.6088867188,19.6000003815,13.579000473,3.0612244606,652.5999755859,632.9000244141
2208,114.5,14.4139995575,53.2106018066,92,643.049987793,0.0416666679084,4960.515625,19.2838420868,9.6300001144,9.8731880188,642,644.0999755859
1255,55,11.3221998215,44.2597007751,165,643.1999511719,0.131474107504,4880.0405273438,22.8181819916,15.2740001678,16.0956172943,642.5999755859,643.799987793
1469,78.0999984741,20.9666004181,80.2586975098,65,643.25,0.0442477874458,6538.41796875,18.8092193604,14.0342502594,43.4989776611,639.4000244141,647.0999755859
7114,332.8399963379,34.5942001343,82.5721969604,680,643.4000244141,0.0955861657858,4925.6596679688,21.373632431,10.2396669388,45.0379524231,638.9000244141,647.9000244141
1962,98,24.4151000977,67.7518005371,170,643.4000244141,0.0866462811828,5204.6875,20.0204086304,9.4849996567,18.1957187653,641.700012207,645.0999755859
7761,361,6.49119997025,44.476600647,658,643.5,0.0847828909755,4907.4106445312,21.4986152649,15.0298748016,15.4876947403,644.200012207,642.799987793
216,14,9.41699981689,48.8788986206,47,643.5,0.217592597008,5923.4516601562,15.428571701,9.7810001373,0.925925910473,652.700012207,634.299987793
224,10,7.14289999008,58.0357017517,31,643.6999511719,0.138392850757,4741.95703125,22.3999996185,13.1920003891,7.58928585052,633.5999755859,653.799987793
7887,391.8599853516,16.4023990631,57.0722007751,1004,643.700012207,0.127298086882,4954.01953125,20.1270866394,12.2159996033,29.0858383179,645.700012207,641.700012207
752,39.5,11.7104997635,34.0788993835,0,644.1999511719,0,5500.1079101562,19.0379753113,14.0760002136,0.132978722453,652.299987793,636.0999755859
9328,537.8800048828,7.48750019073,39.0368003845,1719,644.200012207,0.18428388238,5360.5170898438,17.3421573639,25.4873332977,50.8576316833,644.5,643.9000244141
548,32.2000007629,7.6641998291,31.3868999481,35,644.4000244141,0.063868612051,5685.6391601562,17.0186328888,14.8669996262,11.4963502884,652.0999755859,636.700012207
104,5,32.3810005188,49.5237998962,19,644.450012207,0.182692304254,5594.1962890625,20.7999992371,9.9720001221,13.4615392685,649.5,639.4000244141
275,13,12.7272996902,45.8181991577,4,644.450012207,0.0145454546437,4692.5668945312,21.1538467407,14.5780000687,4.72727251053,643.200012207,645.700012207
443,24,14.2211999893,69.9774017334,52,644.5,0.117381490767,5085.40625,18.4583339691,7.3850002289,21.444694519,644.299987793,644.700012207
10337,540.049987793,37.2268981934,58.5453987122,1268,644.549987793,0.122666150331,5456.197265625,19.1408214569,12.343000412,12.3536806107,646,643.0999755859
806,41.5299987793,7.17880010605,56.6750984192,36,644.6999511719,0.0446650125086,5105.1796875,19.4076576233,12.4313325882,30.1488838196,645.299987793,644.0999755859
227,11.6000003815,18.0617008209,59.0307998657,25,644.950012207,0.110132157803,5519.6772460938,19.5689640045,14.9060001373,15.8590297699,649.700012207,640.200012207
8416,391.4200134277,12.3990001678,71.9121017456,1333,645.0999755859,0.158388778567,5065.9111328125,21.5011997223,12.6698999405,43.75,642.9000244141,647.299987793
149,8.5,19.4631004333,59.0603981018,30,645.25,0.201342284679,5182.4282226562,17.5294113159,10.3330001831,0,656.799987793,633.700012207
220,13.3900003433,19.130399704,52.1739006042,48,645.549987793,0.218181818724,5960.4643554688,16.4301719666,11.9720001221,0,658,633.0999755859
4612,232.9700012207,17.4761009216,65.9150009155,601,645.5500488281,0.130312234163,5124.8364257812,19.7965393066,12.8269996643,16.6522121429,647.700012207,643.4000244141
590,34.3300018311,37.4367980957,70.657699585,71,645.5999755859,0.120338983834,5655.1333007812,17.1861343384,10.0399999619,3.22033905983,644.799987793,646.4000244141
133,7.5500001907,25,72.1428985596,25,645.75,0.187969923019,5811.6899414062,17.6158943176,13.3350000381,0,644.299987793,647.200012207
2440,121.2399978638,7.27589988708,47.0298995972,116,645.75,0.0475409850478,5467.673828125,20.125371933,9.8540000916,48.5245895386,645.5,646
133,6,11.1940002441,35.8208999634,0,646,0,5213.0893554688,22.1666660309,11.4259996414,0.751879692078,652.5,639.5
519,26,16.7630004883,37.9575996399,65,646.200012207,0.125240847468,4613.1875,19.9615383148,15.1309995651,1.92678236961,650.9000244141,641.5
222,11.6599998474,7.58930015564,40.625,30,646.3499755859,0.135135129094,4886.9838867188,19.0394515991,14.5780000687,13.5135126114,643,649.700012207
285,18.7199993134,26.6422996521,76.2773971558,36,646.4000244141,0.126315787435,6455.13671875,15.2243595123,10.267999649,0,641.5999755859,651.200012207
3129,147.9799957275,26.1676006317,55.7901000977,471,646.5,0.150527328253,5125.4331054688,21.1447505951,15.5928573608,16.7146053314,647.799987793,645.200012207
2019,102.7799987793,10.2525997162,40.5646018982,167,646.549987793,0.082714214921,5193.6923828125,19.6438999176,11.2379999161,5.94353628159,649.0999755859,644
5620,267,10.3094997406,55.0938987732,316,646.700012207,0.0562277585268,5002.8388671875,21.0486888885,15.0513753891,36.1743774414,644,649.4000244141
9775,484.5,13.0430002213,62.5038986206,1218,646.9000244141,0.124603576958,5337.6254882812,20.1754379272,15.4131765366,44.9718666077,645.5999755859,648.200012207
246,11.5,9.75609970093,43.9024009705,38,646.9499511719,0.154471546412,5161.2021484375,21.3913040161,11.0810003281,16.6666679382,647.799987793,646.0999755859
7210,360.3500061035,26.6268005371,68.8579025269,800,647.049987793,0.11095700413,5158.7919921875,20.0083255768,10.0979995728,15.1872396469,642.5,651.5999755859
21338,1051.5799560547,13.2271995544,45.9949989319,2889,647.25,0.135392263532,5123.4741210938,20.2913722992,14.2982997894,34.3377990723,645,649.5
477,27,25.3668994904,59.5387992859,27,647.299987793,0.0566037744284,5782.5439453125,17.6666660309,11.8030004501,0,650.799987793,643.799987793
727,39.9000015259,10.1787996292,32.1870994568,50,647.5999755859,0.0687757879496,4842.6079101562,18.2205505371,9.9720001221,13.0673999786,649.4000244141,645.799987793
374,18.4500007629,6.68450021744,7.48659992218,46,647.5999755859,0.122994653881,4219.40625,20.2710018158,15.4090003967,4.27807474136,651.5999755859,643.5999755859
18255,903.7600097656,11.2216997147,58.5331001282,2001,648,0.109613806009,5081.169921875,20.1989459991,15.2937994003,39.5946311951,645,651
8787,410.9100036621,10.0227003098,32.483001709,1058,648.200012207,0.120405144989,5144.9936523438,21.3842449188,15.5329284668,21.6683731079,648,648.4000244141
797,38,7.02629995346,35.7591018677,60,648.25,0.075282305479,4674.298828125,20.9736843109,16.2929992676,3.26223325729,648.799987793,647.700012207
140,7,3.57139992714,39.2857017517,40,648.3499755859,0.285714298487,4830.326171875,20,12.875,7.85714292526,651.5999755859,645.0999755859
235,13.6999998093,6.80849981308,67.2340011597,51,648.700012207,0.217021271586,5621.6879882812,17.1532840729,16.6229991913,39.5744667053,643.4000244141,654
8294,371.1000061035,23.1975002289,51.567401886,1295,648.9499511719,0.156136959791,4948.8681640625,22.3497714996,12.5498828888,10.1278028488,645.0999755859,652.799987793
2409,108.6600036621,8.15149974823,52.1202011108,354,649.1500244141,0.146948948503,5100.9755859375,22.1700706482,14.2585716248,27.5217914581,646,652.299987793
150,8.25,3.22580003738,23.2257995605,16,649.3000488281,0.10666666925,5132.7885742188,18.1818180084,18.3260002136,14,655.200012207,643.4000244141
3981,210,41.773399353,51.7709007263,606,649.5,0.152223065495,5358.5170898438,18.9571437836,12.7491426468,8.84200000763,649.799987793,649.200012207
2326,117.8000030518,17.9750995636,52.2523002625,345,649.6999511719,0.148323297501,5149.1865234375,19.7453308105,11.4259996414,6.40584659576,651.299987793,648.0999755859
501,30.5,20.6348991394,54.7619018555,163,649.8499755859,0.3253493011,5373.2065429688,16.4262294769,8.8299999237,2.39520978928,652.5999755859,647.0999755859
470,28.2700004578,31.330499649,89.6996002197,48,650.4499511719,0.102127656341,6485.166015625,16.6253967285,11.1759996414,5.957447052,655.0999755859,645.799987793
575,35.0999984741,26.4347991943,59.1304016113,59,650.549987793,0.102608695626,5504.025390625,16.3817672729,14.2279996872,8.17391300201,654.5999755859,646.5
3519,175.3000030518,5.54129981995,29.7812004089,789,650.5999755859,0.224211424589,5105.734375,20.0741577148,15.0270004272,15.4589366913,655.4000244141,645.799987793
474,26.3400001526,21.9958992004,54.9897994995,61,650.6500244141,0.128691986203,5634.7309570312,17.9954433441,10.5209999084,0,653.5999755859,647.700012207
223,11.5,1.75440001488,17.5438995361,60,650.9000244141,0.269058287144,4980.2944335938,19.3913040161,18.6259994507,0,651.799987793,650
92,5.5999999046,13.5417003632,0,22,650.9000244141,0.239130437374,6113.8598632812,16.428571701,22.5289993286,0,656.0999755859,645.700012207
4971,297.1400146484,14.709400177,55.1007995605,500,651.1500244141,0.100583381951,5850,16.7294864655,18.2983894348,31.8245830536,653.299987793,649
2617,107.1949996948,8.36820030212,32.3697013855,226,651.200012207,0.0863584280014,4547.9448242188,24.4134521484,11.8857498169,12.8009166718,651.700012207,650.700012207
242,13.25,28.099199295,51.6529006958,32,651.3499755859,0.132231399417,5011.8403320312,18.2641506195,9.9259996414,0,654.4000244141,648.299987793
780,41.1500015259,16.5394001007,50.7634010315,75,651.4000244141,0.0961538478732,5261.3706054688,18.9550418854,14.1969995499,3.84615397453,662,640.799987793
324,15.3999996185,13.0031003952,58.2042999268,50,651.450012207,0.154320985079,4276.115234375,21.0389614105,9.6300001144,2.46913576126,647,655.9000244141
140,6.75,7.85710000992,45.7142982483,25,651.8000488281,0.178571432829,4566.2700195312,20.7407398224,10.638999939,10.7142858505,654.200012207,649.4000244141
181,10,25.4144001007,66.8507995605,26,651.8499755859,0.143646404147,6049.4951171875,18.1000003815,14.4750003815,0,651.9000244141,651.799987793
516,26,9.25930023193,24.8148002625,65,651.9000244141,0.12596899271,4974.28125,19.8461532593,13.4670000076,1.93798446655,656.299987793,647.5
108,5,3.6696999073,32.1100997925,25,652,0.231481477618,4432.4780273438,21.6000003815,9.6649999619,4.62962961197,648.200012207,655.799987793
419,18.6700000763,13.953499794,50,58,652.0999755859,0.138424813747,4924.619140625,22.4424209595,12.7080001831,5.25059652328,656.4000244141,647.799987793
12567,546.049987793,7.62309980392,40.3995018005,1099,652.0999755859,0.0874512642622,4603.6596679688,23.0143756866,17.8229999542,27.5403823853,651.5999755859,652.5999755859
287,16.1700000763,3.79310011864,31.0345001221,65,652.299987793,0.226480841637,5973.9252929688,17.7489185333,17.1560001373,14.9825782776,655.0999755859,649.5
6201,339.1000061035,7.17959976196,47.7024993896,634,652.3000488281,0.102241575718,5215.9438476562,18.2866401672,19.589635849,47.8793754578,650.9000244141,653.700012207
577,29.9500007629,20.3360996246,46.0503997803,134,652.3499755859,0.232235699892,4882.2368164062,19.2654418945,14.1969995499,0,657.200012207,647.5
170,7.5,10.5881996155,32.3529014587,41,652.4000244141,0.241176471114,4145.8359375,22.6666660309,11.9119997025,1.76470601559,660.299987793,644.5
164,8.5,33.5365982056,65.8536987305,36,652.4000244141,0.219512194395,7542.0380859375,19.2941169739,13.3859996796,0,655.200012207,649.5999755859
382,22,29.2383003235,59.2137985229,75,652.5,0.196335077286,5247.0180664062,17.3636360168,11.5539999008,0,653.0999755859,651.9000244141
1221,61.5999984741,4.34070014954,25.307100296,250,652.8499755859,0.204750210047,5169.8149414062,19.821428299,19.0259990692,7.28910732269,656.799987793,648.9000244141
2214,108.3499984741,12.8725996017,36.4499015808,213,653.0999755859,0.0962059646845,5951.005859375,20.4337787628,16.406999588,17.0280036926,656.0999755859,650.0999755859
4523,215,5.75190019608,29.1986999512,409,653.4000244141,0.0904267057776,4746.572265625,21.0372085571,14.0579996109,10.4355516434,653.700012207,653.0999755859
793,39.7999992371,4.41359996796,30.7691993713,49,653.5,0.0617906674743,4944.0922851562,19.9246234894,19.0680007935,2.26986122131,652.4000244141,654.5999755859
1678,88.2699966431,5.48269987106,38.2001991272,254,653.549987793,0.151370674372,6306.4873046875,19.0098571777,20.7700004578,28.2479133606,655.5999755859,651.5
536,22.5,5.59700012207,28.1716003418,35,653.5500488281,0.0652985051274,4260.306640625,23.822221756,10.263999939,8.76865673065,653.4000244141,653.700012207
307,15.8500003815,5.53749990463,28.6644992828,36,653.6999511719,0.117263846099,4718.1630859375,19.3690853119,14.5780000687,7.49185657501,654.0999755859,653.299987793
347,17.5,18.4437999725,53.6022987366,56,653.799987793,0.161383286119,4751.2998046875,19.8285713196,10.2019996643,9.7982711792,655.5,652.0999755859
168,11.0100002289,29.1667003632,63.6904983521,30,653.8499755859,0.178571432829,5653.4536132812,15.258854866,12.501999855,12.5,655.9000244141,651.799987793
532,31,10.5066003799,29.6434993744,81,653.9499511719,0.152255639434,5920.2534179688,17.1612911224,13.9060001373,0,656.5999755859,651.299987793
3272,150,24.0219993591,76.7725982666,374,654.0999755859,0.114303179085,4825.5908203125,21.8133335114,9.986000061,31.2041549683,651.4000244141,656.799987793
2045,107.2099990845,12.1270999908,40.9291000366,268,654.1999511719,0.13105134666,5532.58203125,19.0747127533,13.7119998932,1.3691931963,657.799987793,650.5999755859
156,6.0500001907,10.429400444,47.8527984619,7,654.1999511719,0.0448717959225,3926.0695800781,25.7851238251,10.0979995728,9.61538505554,659.799987793,648.5999755859
1129,61.9900016785,34.1894989014,62.2675018311,164,654.299987793,0.145261287689,5805.63671875,18.2126140594,11.2910003662,0,655.0999755859,653.5
3669,201.9700012207,11.3589000702,41.054599762,500,654.5999755859,0.136276915669,4899.2397460938,18.1660633087,13.2250003815,24.2572898865,652.700012207,656.5
157,9.25,1.89869999886,10.1266002655,19,654.8499755859,0.121019110084,4884.8623046875,16.9729728699,13.6300001144,9.55414009094,654.200012207,655.5
4928,229.1999969482,8.54199981689,25.8885002136,618,654.8499755859,0.125405848026,5139.9375,21.5008735657,14.623000145,5.92532444,653.5,656.200012207
103,5,5.82520008087,23.3010005951,13,654.9000244141,0.126213595271,5249.3647460938,20.6000003815,8.7760000229,0.970873773098,662.200012207,647.5999755859
175,10.3000001907,14.8570995331,70.285697937,17,655.049987793,0.0971428602934,5399.0703125,16.9902915955,10.3380002975,18.2857131958,650,660.0999755859
4153,199.8600006104,7.52689981461,23.4409008026,241,655.0500488281,0.0580303408206,4965.2900390625,20.7795448303,16.3229999542,4.98434877396,657.4000244141,652.700012207
280,18.0499992371,8.69569969177,56.5217018127,67,655.0500488281,0.239285707474,6210.3232421875,15.5124664307,10.6563329697,4.28571462631,660.4000244141,649.700012207
865,43.5,3.0841999054,12.5740995407,96,655.1999511719,0.110982656479,4797.5034179688,19.8850574493,14.5780000687,3.35260105133,660.799987793,649.5999755859
8735,408.200012207,7.49660015106,21.3433990479,1120,655.3000488281,0.128219798207,5397.1616210938,21.3988227844,18.6305999756,32.7074966431,655.4000244141,655.200012207
412,20.1000003815,8.73789978027,60.9222984314,72,655.3499755859,0.174757286906,5078.5,20.4975128174,11.1160001755,9.46601963043,653,657.700012207
6373,329.1199951172,12.6785001755,36.8899993896,624,655.3499755859,0.0979130715132,4733.7465820312,19.3637580872,14.5976667404,6.26078748703,657.5999755859,653.0999755859
332,18.7999992371,9.03610038757,34.0360984802,73,655.4000244141,0.21987952292,4963.0600585938,17.6595745087,15.4930000305,13.2530126572,653.200012207,657.5999755859
2903,138.1199951172,11.1263999939,34.447101593,192,655.549987793,0.0661384761333,5431.1772460938,21.01795578,16.2719993591,3.16913533211,662,649.0999755859
565,29.6499996185,6.72569990158,36.6371994019,60,655.6999511719,0.10619468987,5382.0888671875,19.0556488037,13.6300001144,16.9911499023,651.5999755859,659.799987793
586,26,7.50850009918,37.8839988708,78,655.799987793,0.133105799556,5724.4418945312,22.5384616852,12.3940000534,0.853242337704,662,649.5999755859
5068,240.1000061035,7.0638999939,34.2344017029,626,655.8499755859,0.123520128429,4843.4272460938,21.1078720093,15.3310003281,6.64956569672,655.9000244141,655.799987793
859,42.8400001526,16.4144001007,40.1629981995,118,656.4000244141,0.137369036675,5730.3491210938,20.0513534546,12.6660003662,0.116414435208,654.0999755859,658.700012207
145,10.2100000381,8.27589988708,20,20,656.5,0.137931033969,5635.7861328125,14.2017631531,13.7119998932,0,657.799987793,655.200012207
649,35.125,3.85209989548,19.5685997009,155,656.5500488281,0.238828971982,5671.6572265625,18.4768676758,17.7803344727,6.93374443054,658.700012207,654.4000244141
1789,96,2.96250009537,56.0088996887,435,656.6500244141,0.243152603507,7070.6333007812,18.6354160309,10.5566673279,9.55841255188,655.4000244141,657.9000244141
775,37,24.9032001495,61.4193992615,50,656.700012207,0.0645161271095,5097.3432617188,20.9459457397,10.5229997635,0.903225779533,661.5,651.9000244141
777,36.8499984741,12.988699913,39.8487014771,148,656.8000488281,0.190476194024,5482.6772460938,21.0854816437,13.2430000305,1.15830111504,663.4000244141,650.200012207
3518,188.1999969482,9.77079963684,49.4268989563,419,656.8000488281,0.119101762772,5642.83203125,18.6928806305,22.4729995728,40.1080169678,656.700012207,656.9000244141
19294,924.5700073242,18.9319000244,50.9707984924,2401,657,0.124442830682,5280.0234375,20.8680782318,15.6846542358,16.6632118225,657.5999755859,656.4000244141
7661,386.4200134277,7.80579996109,32.1367988586,1158,657,0.151155203581,5433.33984375,19.8255767822,23.4837493896,21.9553585052,657.299987793,656.700012207
158,8,6.32910013199,25.3164997101,34,657.1500244141,0.215189874172,4529.2836914062,19.75,11.6490001678,8.86075973511,661,653.299987793
117,6,8.40340042114,36.1344985962,42,657.4000244141,0.35897436738,6039.9858398438,19.5,16.3560009003,0.854700922966,664.9000244141,649.9000244141
160,8.6999998093,16.091999054,36.7816009521,37,657.5,0.23125000298,6168.2294921875,18.3908042908,14.0740003586,0,672.799987793,642.200012207
511,27.2000007629,27.4853992462,51.8518981934,30,657.5500488281,0.0587084144354,5774.9702148438,18.7867641449,13.4370002747,3.91389417648,664.200012207,650.9000244141
2770,140.1100006104,3.6101000309,25.5596008301,296,657.6500244141,0.106859207153,4806.76171875,19.7701797485,18.3379993439,11.9494590759,659.700012207,655.5999755859
551,28.5,15.2343997955,51.5625,46,657.75,0.0834845751524,4840.9360351562,19.3333339691,11.4259996414,3.99274039268,660.200012207,655.299987793
5205,242.5,8.31890010834,37.2910995483,474,657.799987793,0.0910662859678,4954.4663085938,21.4639167786,15.7499170303,22.9394817352,655.0999755859,660.5
6437,278.8399963379,2.51670002937,17.150800705,622,657.9000244141,0.0966288670897,4023.5317382812,23.0849227905,15.7790002823,2.4856300354,658.5,657.299987793
1712,81.2799987793,5.37379980087,32.6519012451,122,658,0.0712616816163,5179.4111328125,21.0629920959,14.0620002747,9.87149524689,657,659
370,19.7999992371,6.50409984589,36.3143997192,56,658.3499755859,0.151351347566,4385.2294921875,18.6868686676,12.1739997864,0.540540575981,664,652.700012207
3182,153.1999969482,3.53049993515,26.9433002472,328,658.5999755859,0.10307982564,4777.5126953125,20.7702350616,12.8999996185,8.95663166046,654.700012207,662.5
139,7.1999998093,0.719399988651,29.4964008331,32,658.799987793,0.230215832591,4862.7905273438,19.3055553436,10.9709997177,6.47481966019,661.299987793,656.299987793
11855,588.8400268555,9.01580047607,32.765499115,1507,659.0500488281,0.127119362354,5486.0297851562,20.1328029633,17.4351997375,20.7254314423,654.9000244141,663.200012207
1068,51.6699981689,12.8276996613,36.7977981567,129,659.1500244141,0.120786517859,5486.3823242188,20.6696357727,14.7600002289,0.187265917659,662.0999755859,656.200012207
2295,103,4.03950023651,31.3708992004,224,659.3499755859,0.0976034849882,4631.2436523438,22.2815532684,14.6029996872,13.9869289398,658.299987793,660.4000244141
1510,73.3000030518,10.2597999573,37.1086006165,141,659.4000244141,0.0933774858713,5189.6279296875,20.600271225,13.5223331451,8.74172115326,662.799987793,656
579,27.7999992371,1.5,31.5,60,659.4000244141,0.103626944125,4600.6064453125,20.8273391724,16.6690006256,20.0345420837,660,658.799987793
1012,52.6399993896,10.4847002029,33.6301002502,140,659.799987793,0.138339921832,6735.775390625,19.2249240875,13.5222501755,1.38339924812,660.799987793,658.799987793
1212,68.6500015259,18.2971992493,47.1246986389,107,659.9000244141,0.088283829391,5475.1728515625,17.6547698975,12.517999649,2.06270623207,660.4000244141,659.4000244141
119,7,4,33.5999984741,23,660.0500488281,0.193277314305,5990.7944335938,17,18.3260002136,28.5714302063,661.700012207,658.4000244141
590,35.7625007629,7.79659986496,30.6779994965,78,660.0999755859,0.132203385234,7203.2465820312,16.4977283478,11.4659996033,0.169491529465,673.0999755859,647.0999755859
546,27.6000003815,13.9194002151,54.7619018555,60,660.1999511719,0.109890110791,4777.7690429688,19.7826080322,10.0979995728,13.7362642288,659.799987793,660.5999755859
248,11.1199998856,7.46269989014,21.268699646,51,660.299987793,0.205645158887,4302.8349609375,22.3021583557,15.3649997711,0,667.799987793,652.799987793
461,26,14.4708003998,48.8120994568,150,660.75,0.325379610062,5630.1948242188,17.7307701111,10.3113327026,0.216919749975,666.9000244141,654.5999755859
6312,308.6799926758,9.83790016174,22.6930007935,496,660.9499511719,0.0785804837942,4708.625,20.4483604431,16.9866256714,3.12103939056,662.0999755859,659.799987793
285,13.9899997711,7.24139976501,66.2069015503,62,661.3499755859,0.217543855309,5629.9614257812,20.3716945648,9.6120004654,47.3684234619,661.0999755859,661.5999755859
2325,115.3000030518,2.88170003891,15.6559000015,302,661.450012207,0.129892468452,4890.9868164062,20.1647872925,21.1105003357,22.7096786499,662,660.9000244141
11885,549.8400268555,10.1976995468,30.4416999817,1790,661.5999755859,0.150610014796,4929.3930664062,21.6153774261,16.4733123779,29.1207408905,659.0999755859,664.0999755859
564,27.4300003052,6.89659976959,21.3792991638,46,661.5999755859,0.0815602838993,4905.2211914062,20.5614280701,18.3689994812,4.43262434006,672.4000244141,650.799987793
12380,620.3800048828,12.2952003479,31.0188999176,1671,661.8499755859,0.134975761175,5156.8569335938,19.9555110931,16.6541118622,4.81421661377,660.0999755859,663.5999755859
3772,178.0599975586,3.37199997902,18.3878002167,529,661.8499755859,0.140243902802,4941.7875976562,21.1838703156,18.5442218781,5.24920463562,665.4000244141,658.299987793
895,47.5800018311,17.5531997681,42.4468002319,70,661.8499755859,0.0782122910023,5408.7817382812,18.8104228973,14.1800003052,1.89944136143,662.700012207,661
5714,277.6700134277,10.5342998505,30.0690994263,489,661.9000244141,0.0855792760849,4981.3876953125,20.5783824921,18.0295543671,8.66293334961,664.299987793,659.5
105,5.7300000191,0,0,16,661.9000244141,0.1523809582,4877.0864257812,18.3246078491,13.5860004425,10.476190567,662.5,661.299987793
1449,76.9899978638,16.5279006958,42.6008987427,125,661.950012207,0.0862663909793,5111.7392578125,18.8206272125,12.6400003433,1.24223601818,660.4000244141,663.5
510,24.5,20.39220047,45.8824005127,95,662.4000244141,0.186274513602,5201.515625,20.8163261414,11.1029996872,0,663.0999755859,661.700012207
160,8,11.25,56.875,39,662.4000244141,0.24375000596,4138.3056640625,20,7.5,9.375,651.4000244141,673.4000244141
433,22,9.33609962463,25.1037006378,50,662.450012207,0.11547344178,5743.5971679688,19.6818180084,15.5059995651,1.38568139076,665.4000244141,659.5
3186,164.3099975586,5.45389986038,44.3907012939,411,662.5,0.129001885653,5702.705078125,19.3901767731,22.8414001465,35.3421211243,663.5,661.5
5010,239.3999938965,5.29890012741,27.3544998169,576,662.5500488281,0.114970058203,4802.1528320312,20.927318573,19.8231258392,9.64071846008,661.700012207,663.4000244141
717,35.9500007629,8.88889980316,24.7222003937,100,662.5500488281,0.139470010996,5442.1430664062,19.9443664551,16.3470001221,2.23152017593,669.4000244141,655.700012207
3548,170.6499938965,3.25999999046,14.8508996964,335,662.6500244141,0.0944193899631,4522.3754882812,20.7910938263,16.2929992676,0.366403609514,658.299987793,667
868,45.2000007629,16.5898990631,29.8386993408,78,662.700012207,0.0898617506027,4965.8081054688,19.2035388947,13.248000145,0.57603687048,662.4000244141,663
507,26.6499996185,13.2039003372,37.0873985291,60,662.75,0.118343196809,5358.326171875,19.0243911743,14.0100002289,0,667.0999755859,658.4000244141
822,46.6500015259,8.07380008698,25.6054992676,105,662.9000244141,0.127737224102,5784.625,17.6205787659,14.1630001068,0.851581513882,668.299987793,657.5
1792,88.5500030518,3.125,20.9263000488,143,663.3499755859,0.0797991082072,5072.7045898438,20.237154007,15.7709999084,5.52455377579,667.4000244141,659.299987793
1202,62.2999992371,12.0768995285,35.8461990356,190,663.4499511719,0.158069878817,5556.041015625,19.2937393188,14.483332634,0,664.299987793,662.5999755859
515,27.3500003815,16.1165008545,26.2136001587,58,663.5,0.112621359527,5190.3100585938,18.8299808502,14.2089996338,0,660.200012207,666.799987793
1354,66.5699996948,12.0383996964,36.484500885,263,663.8499755859,0.194239288568,5211.4853515625,20.3394927979,15.1669998169,2.43722319603,666.4000244141,661.299987793
1252,65.1100006104,9.45119953156,43.2164993286,113,663.8499755859,0.0902555882931,5284.1640625,19.2289962769,12.5842504501,20.7667732239,659.4000244141,668.299987793
823,46,13.8517999649,55.2854995728,127,663.9000244141,0.154313489795,5331.9208984375,17.8913040161,10.5509996414,2.18712043762,657.700012207,670.0999755859
2231,114.3000030518,2.91610002518,13.3691997528,258,664,0.115643210709,5599.6079101562,19.5188102722,16.9559993744,13.6261758804,666.200012207,661.799987793
271,14.1999998093,4.46740007401,25.429599762,81,664,0.298892974854,4881.8994140625,19.0845069885,17.7089996338,13.2841329575,668.700012207,659.299987793
309,15.5,4.20709991455,32.6861000061,85,664.1500244141,0.275080919266,4700.4321289062,19.9354839325,16.2719993591,1.9417475462,671.299987793,657
3005,159.2200012207,8.61900043488,33.8102989197,308,664.1500244141,0.102495841682,5650,18.8732566833,17.900800705,23.0615653992,666.700012207,661.5999755859
966,47.9599990845,20.9580993652,47.3054008484,114,664.299987793,0.118012420833,5318.2407226562,20.141784668,11.8339996338,0.62111800909,674,654.5999755859
7710,327.299987793,4.47219991684,15.9299001694,814,664.4000244141,0.105577170849,4709.0541992188,23.5563716888,18.6201992035,3.25551223755,663.4000244141,665.4000244141
762,35.5,10.8107995987,30.3731994629,54,664.4499511719,0.0708661451936,5143.1904296875,21.4647884369,12.4309997559,0,663.0999755859,665.799987793
1708,89,8.48950004578,29.0398006439,206,664.700012207,0.120608896017,5133.009765625,19.1910114288,15.1669998169,2.22482442856,665.5,663.9000244141
9850,489.299987793,3.33500003815,30.643699646,1113,664.75,0.112994924188,5081.4555664062,20.1308002472,20.875749588,18.5583763123,663.700012207,665.799987793
129,5,9.30230045319,50.3875999451,10,664.9499511719,0.0775193795562,4016.4162597656,25.7999992371,10.638999939,6.2015504837,667.5999755859,662.299987793
10619,565.5100097656,2.53839993477,28.3766002655,1150,664.950012207,0.108296446502,5374.0502929688,18.7777404785,25.0296192169,18.4574813843,665.9000244141,664
4521,236.5800018311,3.70519995689,31.0827999115,494,665.0999755859,0.109267860651,5427.548828125,19.1098155975,16.7578010559,32.0725517273,666.799987793,663.4000244141
580,29.4400005341,11.8965997696,30.1723995209,114,665.200012207,0.196551725268,5179.64453125,19.7010860443,15.2969999313,3.96551704407,656.200012207,674.200012207
2569,138,5.48640012741,24.7471008301,326,665.3499755859,0.126897618175,5400,18.6159420013,17.3694458008,15.3367071152,669.799987793,660.9000244141
6022,286.799987793,6.39499998093,36.0007019043,756,665.6500244141,0.125539690256,5726.146484375,20.9972114563,22.0960006714,27.66522789,663.9000244141,667.4000244141
670,33.5,0.416099995375,13.869600296,47,665.9000244141,0.0701492503285,5003.8701171875,20,22.841999054,12.537314415,670.299987793,661.5
14708,700.9400024414,13.5300998688,45.723400116,1962,665.950012207,0.133396789432,4969.5112304688,20.9832515717,18.3198757172,12.6801748276,664.5,667.4000244141
6601,305,1.19679999352,15.0886001587,706,666,0.106953494251,4747.2958984375,21.6426239014,25.0300006866,6.90804433823,668,664
675,33.7000007629,0,31.8519001007,87,666.0500488281,0.128888890147,4543.3051757812,20.0296726227,21.9570007324,14.9629621506,668.700012207,663.4000244141
2458,124.0699996948,6.01870012283,24.6035003662,193,666.0999755859,0.0785191208124,5229.5913085938,19.8113975525,18.7968330383,11.2693252563,666.9000244141,665.299987793
144,8,4.16669988632,44.4444007874,14,666.1500244141,0.0972222238779,4507.3530273438,18,10.638999939,9.72222232819,671.9000244141,660.4000244141
573,29.6000003815,6.99300003052,15.2097997665,48,666.1500244141,0.083769634366,5302.6279296875,19.3581085205,17.5079994202,3.31588125229,671,661.299987793
721,35.7299995422,1.84940004349,18.4941005707,82,666.4499511719,0.113730929792,5545.6103515625,20.1791210175,18.593000412,0.693481266499,668.799987793,664.0999755859
992,46.9700012207,3.72979998589,22.8831005096,160,666.5500488281,0.161290317774,4615.9086914062,21.1198635101,11.1160001755,5.14112901688,671.200012207,661.9000244141
8432,360.5,6.39230012894,22.9839000702,0,666.5999755859,0,5397.689453125,23.3897361755,14.0976667404,4.96916532516,663.700012207,669.5
244,11,15.573800087,40.163898468,15,666.6500244141,0.0614754110575,5118.373046875,22.1818180084,12.6400003433,6.96721315384,672.0999755859,661.200012207
7116,356.8200073242,2.59899997711,13.2762002945,785,666.6500244141,0.110314786434,5008.0708007812,19.9428272247,20.9364280701,7.99606513977,667.5,665.799987793
830,46.6599998474,10.4118995667,32.6086997986,95,666.6999511719,0.114457830787,4906.0302734375,17.7882556915,14.1800003052,0.481927722692,662.0999755859,671.299987793
160,10.8800001144,13.3758001328,53.503200531,38,666.8499755859,0.23749999702,6870.3461914062,14.7058820724,11.8260002136,2.5,666.9000244141,666.799987793
1588,83.4000015259,6.79850006104,20.5809993744,220,666.8499755859,0.138539046049,5301.7163085938,19.0407676697,18.670999527,3.84131002426,671.299987793,662.4000244141
2272,108.75,4.04930019379,16.0650997162,307,667.1500244141,0.135123237967,5182.3657226562,20.891954422,17.3320007324,1.32042253017,667.700012207,666.5999755859
1425,71.8300018311,5.09259986877,19.8302001953,65,667.1999511719,0.0456140339375,4999.46875,19.8385066986,17.5079994202,4.91228055954,669.799987793,664.5999755859
245,12.5500001907,8.9795999527,13.0612001419,30,667.450012207,0.122448980808,6732.06640625,19.5219116211,15.5719995499,0,672.200012207,662.700012207
1349,65.2125015259,2.00149989128,8.6731004715,259,667.450012207,0.191994071007,4612.9897460938,20.6862182617,15.5672502518,0.222386956215,667,667.9000244141
400,22,13.8009004593,29.8642997742,65,667.5999755859,0.16249999404,5478.845703125,18.1818180084,15.751999855,0,669.200012207,666
4632,245.1799926758,7.03700017929,23.6420001984,637,668,0.137521594763,5666.7138671875,18.8922424316,20.4699993134,17.8540592194,669.4000244141,666.5999755859
224,9,5.35710000992,35.2678985596,15,668.0999755859,0.0669642835855,4742.5141601562,24.8888893127,9.7089996338,4.46428585052,660.5,675.700012207
576,31,3.9930999279,28.125,92,668.4000244141,0.159722223878,4907.392578125,18.5806446075,11.1160001755,9.54861164093,665.799987793,671
451,25,8.64750003815,11.7517004013,75,668.5999755859,0.166297122836,5700.40234375,18.0400009155,16.3209991455,3.99113082886,672.700012207,664.5
900,50.75,2.1017999649,24.3362998962,145,668.6500244141,0.161111116409,5191.8344726562,17.7339897156,21.966999054,20.6666660309,668.799987793,668.5
118,5.5,8.33329963684,51.6666984558,10,668.799987793,0.0847457647324,4451.2568359375,21.4545459747,8.9340000153,7.62711858749,668.5,669.0999755859
1457,73.1299972534,5.98229980469,42.9640007019,0,668.9000244141,0,5627.5278320312,19.9234256744,19.9969997406,27.4536724091,666.200012207,671.5999755859
4734,232.75,2.60780000687,19.3724994659,586,668.950012207,0.123785383999,4922.9399414062,20.3394203186,18.8272304535,10.8576259613,665.5,672.4000244141
3303,146.5,4.66239976883,16.9542999268,379,669.0999755859,0.1147441715,4969.380859375,22.5460758209,18.1186656952,5.02573394775,666.0999755859,672.0999755859
6055,286.9200134277,5.61339998245,30.085100174,540,669.3000488281,0.0891824960709,4829.7172851562,21.1034431458,23.6673755646,14.2361688614,668.9000244141,669.700012207
424,23.2999992371,3.53769993782,15.3302001953,39,669.3000488281,0.0919811353087,6716.6928710938,18.1974258423,22.138999939,0.235849052668,680.9000244141,657.700012207
2801,139.3000030518,5.03389978409,23.0988998413,615,669.3499755859,0.219564437866,5205.9418945312,20.1076812744,20.545999527,2.07068896294,673.299987793,665.4000244141
187,9.7600002289,17.5531997681,44.6809005737,37,669.3499755859,0.197860956192,4357.826171875,19.1598358154,9.4849996567,8.55614948273,664.5999755859,674.0999755859
129,6.5999999046,13.953499794,27.1317996979,17,669.799987793,0.131782948971,5195.9189453125,19.5454540253,11.8339996338,0,670.0999755859,669.5
188,9,6.382999897,36.7020988464,41,669.8499755859,0.218085110188,6002.0717773438,20.8888893127,18.7989997864,4.78723430634,673.200012207,666.5
1212,65.9000015259,22.1947002411,46.1221008301,116,669.950012207,0.0957095697522,5090.587890625,18.3915023804,10.5509996414,3.96039605141,669.200012207,670.700012207
2596,135.3500061035,3.00460004807,19.5300006866,249,670,0.0959167927504,5112.3901367188,19.1799030304,15.5190000534,1.57935285568,669.200012207,670.799987793
4925,253.8959960938,3.82109999657,12.1747999191,753,670.6999511719,0.152893394232,5287.3549804688,19.3977069855,21.6317272186,3.59390854836,672.799987793,668.5999755859
6257,288.6300048828,2.16350007057,15.5128002167,930,671.25,0.148633524776,4889.4799804688,21.6782722473,21.0957508087,8.72622680664,671.200012207,671.299987793
868,45,4.72349977493,19.0091991425,122,671.299987793,0.140552997589,5118.1303710938,19.2888889313,15.1669998169,0,674.5999755859,668
3787,186.1000061035,3.24799990654,8.34430027008,934,671.5999755859,0.246633216739,5119.123046875,20.3492736816,19.1170005798,0.264061272144,674.9000244141,668.299987793
6423,306.3800048828,2.92989993095,14.265999794,855,671.5999755859,0.133115366101,4792.2114257812,20.9641609192,17.6200008392,1.44792151451,671.4000244141,671.799987793
678,34.8400001526,2.50740003586,15.9292001724,47,671.6500244141,0.0693215355277,5450.103515625,19.4603900909,15.1669998169,0.147492617369,677.5999755859,665.700012207
162,8.3999996185,16.9591007233,33.9180984497,23,671.6999511719,0.141975313425,5210.724609375,19.2857151031,10.642999649,0,679.799987793,663.5999755859
8529,407.700012207,2.19250011444,11.7012996674,834,671.75,0.0977840274572,4715.4458007812,20.9197940826,20.7390556335,3.70500636101,668.9000244141,674.5999755859
1862,89.0899963379,2.82969999313,21.0891990662,231,671.9000244141,0.124060153961,4632.068359375,20.9002132416,21.5659999847,0.268528461456,673.0999755859,670.700012207
1452,70.5,2.42600011826,10.4141998291,183,671.9000244141,0.126033052802,5028.5615234375,20.5957450867,17.6560001373,0,679.5999755859,664.200012207
155,8,0.645200014114,12.258099556,32,671.9499511719,0.206451609731,5695.466796875,19.375,17.7089996338,4.51612901688,672.299987793,671.5999755859
2536,127.1100006104,2.03279995918,2.03279995918,343,672.049987793,0.13525237143,4504.294921875,19.9512233734,27.8159999847,2.44479489326,676.0999755859,668
567,30.0799999237,4.89510011673,29.0209999084,103,672.0500488281,0.181657850742,5156.4370117188,18.8497333527,18.593000412,0,673.9000244141,670.200012207
953,52.5999984741,7.9875998497,33.9211997986,135,672.299987793,0.141657918692,5433.5141601562,18.1178703308,14.2629995346,0,668.0999755859,676.5
296,15.4300003052,5.59210014343,25.9867992401,42,672.3499755859,0.141891896725,5254.6318359375,19.1834087372,22.7579994202,5.40540552139,674.5999755859,670.0999755859
198,9,2.4509999752,12.7451000214,24,672.450012207,0.121212124825,4593.1967773438,22,12.6400003433,0,672.700012207,672.200012207
218,10.1000003815,2.24219989777,25.1121006012,49,672.5500488281,0.224770635366,4320.6787109375,21.5841579437,11.2379999161,6.42201805115,669.4000244141,675.700012207
734,36,2.02430009842,12.8205003738,117,672.6999511719,0.15940053761,4920.77734375,20.3888893127,16.9559993744,6.53950929642,676.0999755859,669.299987793
189,11.6000003815,2.07249999046,32.1244010925,50,673.049987793,0.26455026865,6905.869140625,16.2931022644,17.7089996338,14.2857151031,679.0999755859,667
2528,138.3099975586,1.34210002422,2.44560003281,482,673.25,0.190664559603,5729.904296875,18.2777824402,25.6219997406,3.67879748344,675,671.5
2987,154.1699981689,2.0422000885,11.1817998886,290,673.299987793,0.0970873758197,4825.2021484375,19.3747158051,18.7259998322,0.502176105976,676.0999755859,670.5
208,11,9.38969993591,32.8638000488,21,673.549987793,0.100961536169,5388.1704101562,18.9090900421,13.4429998398,0,680.5,666.5999755859
379,23.1000003815,2.90240001678,22.1636009216,29,673.549987793,0.076517149806,5133.8271484375,16.4069252014,15.1800003052,22.6912937164,670.5,676.5999755859
145,9.3000001907,6.20690011978,0,27,673.9000244141,0.186206892133,5346.15625,15.5913972855,19.1170005798,0,670.5,677.299987793
706,37.7400016785,2.5936999321,23.0548000336,103,674.25,0.145892351866,4789.3090820312,18.7069416046,13.7119998932,0.141643062234,676,672.5
878,47.9000015259,1.375,15.75,105,675.4000244141,0.119589976966,5329.7822265625,18.3298530579,17.5079994202,2.73348522186,681,669.799987793
594,33.1800003052,12.2688999176,25.378200531,75,675.700012207,0.126262620091,5371.1728515625,17.9023513794,11.8339996338,1.68350172043,683,668.4000244141
139,7.3499999046,20.8633003235,66.90650177,40,676.1500244141,0.287769794464,5771.3837890625,18.9115657806,13.2729997635,0,680.0999755859,672.200012207
2089,102.7799987793,2.51850008965,14.0369997025,318,676.549987793,0.15222594142,4993.634765625,20.3249664307,16.3560009003,0.143609374762,673.799987793,679.299987793
326,16.2800006866,4.29449987411,11.0429000854,42,676.5999755859,0.128834351897,4854.0380859375,20.0245685577,18.6259994507,0,673.299987793,679.9000244141
516,21.5,0.96899998188,27.7131996155,50,676.8499755859,0.0968992263079,4392.6796875,24,23.7329998016,11.0465116501,680.5,673.200012207
449,25.5,12.7272996902,48.4847984314,50,676.9499511719,0.111358575523,5884.4321289062,17.607843399,12.9340000153,0,672.799987793,681.0999755859
297,15.3500003815,2.35689997673,4.04040002823,70,677.25,0.235690236092,4273.9931640625,19.3485336304,13.9060001373,0,679,675.5
1579,80.2399978638,5.55560016632,21.7803001404,165,677.950012207,0.104496516287,5146.7841796875,19.6784648895,15.4280004501,0.0633312240243,678.5,677.4000244141
383,20.4500007629,6.00519990921,10.182800293,49,678.0500488281,0.127937331796,5351.5229492188,18.7286052704,15.3809995651,0,682.9000244141,673.200012207
81,5.0999999046,3.61450004578,0,14,678.4000244141,0.172839507461,7667.5717773438,15.882352829,22.5289993286,0,685.299987793,671.5
5259,262.2300109863,2.39590001106,19.0911006927,701,678.799987793,0.133295297623,5281.708984375,20.0549125671,23.806098938,15.0598974228,679,678.5999755859
1960,108.9599990845,1.94169998169,3.73020005226,223,679.4000244141,0.113775506616,5368.5029296875,17.9882526398,24.6030006409,1.47959184647,684.0999755859,674.700012207
151,8.8999996185,2.64899992943,8.60929965973,31,679.5,0.205298006535,6429.2573242188,16.966293335,36.1739997864,2.64900660515,676.799987793,682.200012207
946,49.1699981689,2.17840003967,6.53529977798,310,679.6500244141,0.327695548534,5387.458984375,19.2393741608,33.4550018311,1.47991538048,683.0999755859,676.200012207
2707,141.0200042725,5.13959980011,19.2308006287,300,679.75,0.110823787749,5235.7749023438,19.1958580017,20.480222702,4.46989297867,678.700012207,680.799987793
919,46.8899993896,1.04929995537,0,141,679.8000488281,0.153427645564,4829.896484375,19.5990619659,20.1340007782,0.326441794634,680.200012207,679.4000244141
945,46,4.23990011215,10.6514997482,216,680.0500488281,0.228571429849,5088.7080078125,20.5434780121,19.3465003967,2.53968262672,685.700012207,674.4000244141
738,39.7019996643,0,0.677500009537,220,680.450012207,0.298102974892,5390.1181640625,18.5884838104,36.1739997864,0.542005419731,684.200012207,676.700012207
164,10.5100002289,2.35290002823,12.9412002563,35,681.299987793,0.213414639235,6588.4306640625,15.604186058,22.8633346558,11.5853662491,682.799987793,679.799987793
167,10.9200000763,0.520799994469,11.4582996368,29,681.299987793,0.173652693629,6196.6948242188,15.2930402756,17.7089996338,11.3772449493,680.799987793,681.799987793
125,7.0799999237,4,14.3999996185,25,681.5999755859,0.20000000298,4645.4130859375,17.6553668976,14.1770000458,0,688.5,674.700012207
1091,62.0600013733,0.5367000103,0.5367000103,113,681.9000244141,0.103574700654,6489.9287109375,17.5797615051,41.0929985046,1.37488543987,689.799987793,674
134,6,0.746299982071,3.73130011559,27,682.1500244141,0.201492533088,5094.958984375,22.3333339691,21.9570007324,2.23880600929,681.799987793,682.5
600,32,2.69409990311,29.3185005188,55,682.450012207,0.0916666686535,4841.9584960938,18.75,16.063999176,5.33333349228,680,684.9000244141
1803,99.5999984741,1.92420005798,3.62199997902,283,682.549987793,0.156960621476,6315.3125,18.1024093628,25.7369995117,2.77315592766,685.5999755859,679.5
158,7.8000001907,13.75,16.25,15,682.6500244141,0.0949367061257,5399.3833007812,20.2564105988,20.4740009308,0,687.299987793,678
2392,127.2200012207,1.42139995098,6.27089977264,439,683.3499755859,0.183528423309,5429.4736328125,18.8020744324,35.8100013733,17.7257518768,682.4000244141,684.299987793
526,28.0200004578,3.99239993095,11.4068002701,33,683.4000244141,0.0627376437187,5644.2861328125,18.7723045349,13.5670003891,0,684.5,682.299987793
141,6.9099998474,10.0719003677,9.35249996185,44,684.3000488281,0.312056750059,6060.2568359375,20.405210495,20.0890007019,0,680.4000244141,688.200012207
235,12.6000003815,4.66099977493,5.93219995499,30,684.3499755859,0.127659574151,5319.5537109375,18.6507930756,18.283000946,0.425531893969,688.5,680.200012207
3280,158.3999938965,2.75230002403,7.85930013657,406,684.8000488281,0.123780488968,4819.9038085938,20.7070713043,25.2397155762,6.06707334518,682.200012207,687.4000244141
1254,57,1.58229994774,12.5,0,684.950012207,0,5208.2260742188,22,25.0629997253,10.1275911331,686.200012207,683.700012207
948,53.5600013733,1.79320001602,1.89869999886,155,686.0500488281,0.163502112031,5859.96484375,17.6997756958,30.6284999847,3.3755273819,692.200012207,679.9000244141
15228,708.8300170898,1.71539998055,4.69089984894,2232,686.6999511719,0.146572098136,4962.7368164062,21.4832897186,27.4752159119,8.64854240417,683.0999755859,690.299987793
81,4.8499999046,13.2530002594,20.4818992615,21,687.549987793,0.25925925374,7614.3793945312,16.7010307312,30.8400001526,12.3456792831,693.799987793,681.299987793
2768,141.3999938965,0.44810000062,2.7920999527,540,689.0999755859,0.195086702704,5566.4677734375,19.5756721497,34.1595001221,1.58959531784,691.5999755859,686.5999755859
535,31,0.0799999982119,0.72000002861,84,691.049987793,0.157009348273,7039.94921875,17.25806427,43.2299995422,1.49532711506,693.5,688.5999755859
2542,146.3000030518,0.826099991798,9.67739963531,404,691.3499755859,0.158929973841,6604.0639648438,17.3752555847,27.9477500916,10.3855228424,687.700012207,695
1940,111.8199996948,0.412400007248,3.91750001907,265,691.9000244141,0.136597931385,6180.1489257812,17.3493118286,49.938999176,6.13402032852,693.700012207,690.0999755859
1059,65.1200027466,0.849900007248,1.41639995575,272,693.950012207,0.25684607029,6460.6572265625,16.2622852325,55.327999115,2.26628899574,695.9000244141,692
2340,132.1999969482,1.58120000362,2.43589997292,403,694.25,0.172222226858,6415.3549804688,17.7004547119,35.4809989929,2.4786324501,693.5999755859,694.9000244141
3469,172.3399963379,0,0.173399999738,496,694.8000488281,0.14298067987,5230.876953125,20.1288146973,34.3009986877,0.893629252911,697.9000244141,691.700012207
2106,115.3000030518,1.70940005779,2.61159992218,300,695.1999511719,0.142450138927,5838.171875,18.2653942108,38.6285705566,2.42165231705,695.0999755859,695.299987793
478,32.8699989319,0,0,112,695.299987793,0.234309628606,7711.5068359375,14.5421361923,35.341999054,3.76569032669,701.299987793,689.299987793
1885,98.4199981689,0.0505999997258,0.303299993277,241,696.5500488281,0.127851456404,5592.7651367188,19.1526107788,31.0520000458,1.96286475658,697.4000244141,695.700012207
2422,139.4700012207,0,0.123899996281,466,698.1999511719,0.192402973771,5933.154296875,17.3657417297,40.263999939,0.578034639359,699.0999755859,697.299987793
1318,87.0599975586,0.151700004935,0,412,698.25,0.31259483099,7593.4057617188,15.1389846802,35.8100013733,2.80728387833,695.4000244141,701.0999755859
220,12.3299999237,0.454499989748,0,22,698.4499511719,0.10000000149,6500.4497070312,17.8426609039,43.2299995422,1.36363637447,693.299987793,703.5999755859
687,44.5900001526,0.304899990559,0,209,699.0999755859,0.304221242666,7217.2631835938,15.4070415497,50.6769981384,1.16448330879,698.299987793,699.9000244141
2341,124.0899963379,0.170900002122,0.597999989986,286,700.3000488281,0.12217001617,5392.638671875,18.8653392792,40.4020004272,2.05040574074,698.9000244141,701.700012207
984,59.7299995422,0.101599998772,3.55690002441,195,704.3000488281,0.198170736432,7290.3388671875,16.4741344452,28.716999054,5.99593496323,700.9000244141,707.700012207
3724,208.4799957275,1.07410001755,1.50380003452,721,706.75,0.193609029055,5741.462890625,17.8626251221,41.7341079712,4.72610092163,704,709.5
441,20.1499996185,3.56349992752,37.1938018799,45,645,0.102040819824,4402.8315429688,21.8858566284,23.7329998016,24.2630386353,648.299987793,641.700012207
101,5,11.8811998367,59.4058990479,14,672.200012207,0.138613864779,4776.3364257812,20.2000007629,9.9519996643,2.97029709816,667.9000244141,676.5
1778,93.4000015259,6.92350006104,47.5712013245,313,655.75,0.176040500402,5993.392578125,19.0364017487,12.501999855,5.00562429428,660.5,651
